Id, Label           , modularity_class, X          , Y          , Size 
 0, Myriel          ,                0, -266.827759, -299.690399,  28.685715
 1, Napoleon        ,                0, -418.083435, -446.885315,   4